hour|min|text|author|book|approved
0|0|В городской церкви били часы только два раза в сутки: в полдень и в полночь. Вскоре после того, как они пробили **полночь**, послышались торопливые шаги.|Антон Чехов|Дуэль|1
0|0|Незаметно мы досидели с ним до **полуночи**. Наконец Дерсу начал дремать. Я закрыл свою тетрадь, завернулся в одеяло, лег поближе к огню и скоро заснул. Ночью сквозь сон я слышал, как он поправлял огонь и прикрывал меня своей палаткой.|Владимир Арсеньев|Дерсу Узала|1
0|0|Время, однако ж, летит; вторые петухи обвестили город, что наступила **полночь**.|Иван Лажечников|Басурман|1
0|0|Смена даты в **полночь** — это просто договоренность физиков и астрономов.|Януш Вишневский|Интимная теория относительности|1
0|0|Я развернул записку и нашел в ней приглашение явиться в эту ночь, ровно в **двенадцать часов**, на мост, который называется Ponte Vecchio.|Вильгельм Гауф|Караван|1
0|5|Туз  пик  –  это,  кажется,  смерть.  Но,  впрочем, глупости, суеверные глупости... Полночь.  **Пять  минут  первого**.  Завтра стало сегодня. У меня сегодня дуэль.|Владимир Набоков|Подлец|1
0|5|"С этой стороны книги конец романа будет следующим: ""Было **пять минут первого**, когда башни с чудовищным взрывом взлетели на  воздух, унося с собой пламя, в котором погибло тело Леандера."""|Милорад Павич|Начало и конец романа|1
0|10|— **Десять минут первого**, — ответил Снорк. Больше никто ничего не сказал. Они слезли с дерева и пошли прямо на запад.|Янссон Туве|Муми-тролль и комета|1
0|14|Было **двенадцать часов и четырнадцать минут**. Это был первый удар большого крымского землетрясения 1927 года. Удар в девять баллов, причинивший неисчислимые бедствия всему полуострову, вырвал сокровище из рук концессионеров.|Илья Ильф, Евгений Петров|Двенадцать стульев|1
0|15|в кухне тихо и сумрачно, рублевые стенные часы, у которых стрелки не двигались, всегда показывали **четверть первого**, стучат необыкновенно четко и торопливо, свинка, зимующая в кухне, стоит возле печки и, до глаз запустив морду в лохань с помоями, роется в них|Иван Бунин|Старуха|1
0|15|– Ой, ой, ой! **Четверть первого**: спать, спать! – заявила Аглаида Васильевна, поднявшись со стула, и, осторожно опустив крышку рояля, потушила свечи.|Николай Гарин-Михайловский|Гимназисты|1
0|20|"Серебряков: Я сейчас задремал, и мне снилось, будто у меня левая нога чужая. Проснулся от мучительной боли. Нет, это не подагра, скорей ревматизм. Который теперь час?
Елена Андреевна: **Двадцать минут первого**."|Антон Чехов|Дядя Ваня|1
0|30|Гости давно разъехались. Часы пробили **половину первого**. В комнате остались только хозяин, да Сергей Николаевич, да Владимир Петрович.|Иван Тургенев|Первая любовь|1
0|45|Несколько человек подошли к старику и уговаривали его замолчать, но он не соглашался. Они напоминали ему, что уже **три четверти первого** и что ему следует отправиться домой без всякого промедления.|Марк Твен|Приключения Гекльберри Финна|1
0|45|"— **Три четверти первого**, — посмотрел на часы Николай Всеволодович, вступая в комнату.
— И при этом дождь и такое интересное расстояние..."|Фёдор Достоевский|Бесы|1
0|55|В ту ночь я собирался перед рассветом проверить боевое охранение и, приказав разбудить меня в четыре ноль-ноль, в девятом часу улегся спать. Меня разбудили раньше: стрелки на светящемся циферблате показывали **без пяти час**.|Владимир Богомолов|Иван|1
1|0|Пробило **час ночи**; в этот мрачный час фантазия сбрасывает оковы рассудка и зловещие возможности приобретают несокрушимость фактов.|Томас Гарди|Тэсс из рода Д'Эрбервиллей|1
1|0|И тотчас же на столе часы нежно пробили **час ночи**.|Антон Чехов|Рассказ неизвестного человека|1
1|15|— И то пора! — согласился Шатов и взглянул на часы. Было **четверть** второго пополуночи.|Николай Гейнце|В тине адвокатуры|1
1|16|В яму необходимо упасть в канун Рождества в **шестнадцать минут второго ночи** (потому что Его Преосвященство упал в яму как раз в это время).|Харуки Мураками|Рождество овцы|1
1|17|Я посмотрел на часы. **Семнадцать минут второго**. Автобус придет через четыре. Задрав голову, я рассеянно смотрел на небо.|Харуки Мураками|Сжечь сарай|1
1|30|Только теперь, — Гамов вынул из кармана часы и посмотрел на них, близко поднося к глазам, — пять минут четвертого, а тогда мы подошли к перекрестку не позже как в **половине второго**…|Александр Куприн|Лунной ночью|1
1|40|В своей комнате он взглянул запухшими от слез глазами на часы и испугался: **два без двадцати минут**! Торопясь и стараясь не шуметь, он свел велосипед с балкона, тихо и скоро повел его по двору.|Иван Бунин|Тёмные аллеи|1
1|40|Он открыл потайной шкаф в стене, где лежал костюм, в который он переодевался для своих ночных похождений, и спрятал туда вещи Бэзила, подумав, что их потом можно будет просто сжечь. Затем посмотрел на часы. Было **сорок минут второго**.|Оскар Уайльд|Портрет Дориана Грея|1
1|45|Заехали они далеко. Королькова приказала извозчику остановиться возле двухэтажного кирпичного дома с вывеской: «Номера для приезжающих Белград». Было уже **без четверти два**, место было глухое.|Иван Бунин|Петлистые уши|1
2|0|И мы только в **два часа ночи** вспомнили, что доктора велят ложиться спать в одиннадцать.|Михаил Лермонтов|Герой нашего времени|1
2|0|И в **два часа ночи** целая стая вытунов напала на их участок и всё разнесла, чтобы её найти.|Джон Огаст|Арло Финч. Озеро Луны|1
2|0|Цирк с лошадьми и возами обстановки грузился в товарный поезд, который должен был отойти в **два часа ночи**.|Владимир Гиляровский|Люди театра|1
2|0|Было уже **два часа ночи**, когда весь дом успокоился.|Дмитрий Мамин-Сибиряк|Медведко|1
2|0|Ровно в **два часа ночи** Брике положили на операционный стол. Она пришла в себя и молча смотрела на Керна так, как смотрят на своего палача приговоренные к смерти.|Алексей Беляев|Голова профессора Доуэля|1
2|15|Светящийся диск часов на башне висел, как чудовищная луна. Бистрем различал: **четверть третьего**. Где-то нужно переждать до утра…|Алексей Толстой|Эмигранты|1
2|37|— Не помню, так; ходил по комнате... всё равно. Я часы остановил, было **тридцать семь минут третьего**.|Фёдор Достоевский|Бесы|1
2|40|Было без **двадцати минут три**. А они уж на самой вершине башни. Умирала ночь. За горизонтами готовилось утро. Прохор дрожал холодной дрожью. Холод кругом и сияние жаркого месяца.|Вячеслав Шишков|Угрюм-река|1
2|40|"Большая толпа знакомых и просто любопытных стояла на набережной.
– Куда он запропастился? – недоумевал Гатлинг, посматривая на часы. – **Сорок минут третьего**.
– Подождем немного, – сказал профессор Томсон."|Александр Беляев|Остров Погибших Кораблей|1
2|45|Он проснулся уже ночью: луна озаряла его комнату. Он взглянул на часы: было **без четверти три**. Сон у него прошел; он сел на кровать, и думал о похоронах старой графини.|Александр Пушкин|Пиковая дама|1
3|0|"— Почему такое равнодушие в трубке?  
— Так **три часа ночи**
— Ну и что? Разве в три часа ночи ты меня не любишь?"|Ринат Валиуллин|Где валяются поцелуи|1
3|0|"Вот какие мысли приходят в **три часа ночи**. Мысли под рубрикой ""О господи, я в полной жопе"".  "|Рик Янси|5 волна|1
3|0|Он изо всех сил напрягал зрение, вглядываясь в окружающий его мрак, и старался уловить малейший звук или движение в осажденном городе. Но башенные часы пробили **три часа пополуночи**, а кругом было по-прежнему тихо, как в могиле.|Вальтер Скотт|Квентин Дорвард|1
3|0|Только сейчас я заметила, что уже **три часа утра** и что, собираясь нацарапать несколько слов, я написала целый том.|Шодерло де Лакло|Опасные связи|1
3|5|Только теперь, — Гамов вынул из кармана часы и посмотрел на них, близко поднося к глазам, — **пять минут четвертого**, а тогда мы подошли к перекрестку не позже как в половине второго…|Александр Куприн|Лунной ночью|1
3|10|"Пир шел: холодная водка, балык, грузди, семга, чего только не было... Но Василий Сергеевич посмотрел на часы и сказал Юрию Сергеевичу:
— Ты меня извини, Юрий, уже **десять минут четвертого**, я должен тебя оштрафовать на три рубля."|Константин Коровин|Московская канитель|1
3|15|Знаешь, мы тут катаемся, разбрасываем по всему городу дохлую рыбу, бьем окна, фотографируем голых пацанов, врываемся в деловой небоскреб в **пятнадцать минут четвертого утра** и все такое.|Джон Грин|Бумажные города|1
3|16|Он зевнул и высунул левую руку из-под одеяла. **Шестнадцать минут четвертого**. Он лениво покрутил головку часов, заводя их.|Ричард Мэтисон|В один из тех дней|1
3|20|Мы были на городском вокзале в **двадцать минут четвертого** и, наскоро закусив в буфете, сразу отправились в Скотленд-Ярд. Холмс уже телеграфировал Форбсу, и он нас ждал.|Артур Конан Дойл|Записки о Шерлоке Холмсе|1
3|30|— «Это все равно, назначьте время». — «Если вам непременно угодно, утром послезавтра, в **половине четвертого**»|Николай Чернышевский|Что делать?|1
3|30|"Послы были от бабушки. Требовалось сыскать и доставить меня немедленно, «сердятся», — сообщил Потапыч.
— Но ведь еще только **половина четвертого**!"|Фёдор Достоевский|Игрок|1
3|40|"Он повесил трубку и схватил с полки расписание поездов.
— Да, вот он, последний, в двадцать три пятьдесят пять. Следующий пойдет только в **три сорок**."|Аркадий Гайдар|Тимур и его команда|1
3|53|"— Товарищ командир, разрешите отправляться?
— Да! — Полковник смотрит на часы: три часа пятьдесят три минуты. — Приказано отправляться в **три часа пятьдесят три минуты**."|Аркадий Гайдар|Тимур и его команда|1
4|0|И если ты будешь меня любить в **четыре часа утра**, мы сделаем так, чтобы всегда было четыре часа; вместе со временем мы полетим вокруг Земли, и оно остановится для нас.|Эрих Мария Ремарк|Триумфальная арка|1
4|0|В **четыре часа ночи** услышала я, что стучат и ломятся в мою комнату. Я спала, улегшись кое-как на полу, проснулась и закричала от страха, но тотчас же отличила голос Кати, который раздавался громче всех|Фёдор Достоевский|Неточка Незванова|1
4|0|**Около четырёх часов утра** два подвыпивших гражданина возвращались домой после товарищеской пирушки. Они шли, крепко обнявшись.|Лазарь Лагин|Старик Хоттабыч|1
4|0|Отъезд Николая Герасимовича был назначен рано утром, и в этот день его пришли разбудить в **четыре часа** утра|Николай Гейнце|Самозванец|1
4|0|На другой день к обеду прискакал верхом гонец с письмом от Шатова: письмо было отправлено в **четыре часа утра**, а в полдень уже получено Васильем Петровичем.|Сергей Аксаков|Наташа|1
4|0|Вон тот старик, у него грыжа, от которой он страдает, а он с **четырех часов утра** до десяти вечера работает и еле жив. А мы? Ну разве можно, поняв это, жить спокойно, считая себя христианином? Ну, не христианином, а просто не зверем.|Лев Толстой|И свет во тьме светит|1
4|0|— В **четыре часа** меня разбудить, — наказывает он Степану, — а девкам скажи, чтобы не гамели.|Михаил Салтыков-Щедрин|Пошехонская старина|1
4|0|Они ушли только в **четыре часа утра**. Муж с полуночи дремал в маленьком, почти пустом салоне в обществе трех других чиновников, жены которых очень веселились.|Ги де Мопассан|Ожерелье|1
4|5|Любитель бесконечных разочарований с коллекцией старых открыток, я иду! Я иду! Вы хотите показать мне вокзал, часы которого остановились в **пять минут пятого**.|Чарльз Симик|Мир не кончается|1
4|18|Светящийся циферблат будильника показывал **восемнадцать минут пятого**. С лихорадочно бьющимся сердцем Дейзи прислушивалась, пытаясь уловить разбудивший ее звук.|Дикси Браунинг|Сумасшедшее сердце|1
4|20|Было **двадцать минут пятого**. Поскольку в ту ночь я ни на секунду не сомкнул глаз, речь шла не о том, чтобы «идти досыпать», а о том, чтобы наконец просто уснуть.|Николя Барро|Ты найдешь меня на краю света|1
4|23|Часы в витрине лавки часовщика показывали **двадцать три минуты пятого**. По методичному, словно бег по стадиону, передвижению секундной стрелки было ясно, что часы идут.|Найо Марш|Премьера убийства|1
4|30|"(Далее в тетрадь вырезано десятка два страниц.)
…ря
…ять рвота в **4 час. 30 мннут**.
Когда мне полегчает, запишу свои ужасные впечатления."|Михаил Булгаков|Морфий|1
4|32|Он всегда ожидает, что ему скажут **тридцать две минуты пятого** или сорок семь минут десятого, и сердится, что люди так не точно выражаются о драгоценнейшем сокровище, о времени.|Николай Лесков|Страстная суббота в тюрьме|1
4|40|Было **сорок минут пятого** на карманных часах лейтенанта, когда он скомандовал выступление. Старший вахмистр ехал рядом с ним, а по обе стороны араба двигались спахи, не спускавшие с него глаз.|Жюль Верн|Наступление моря|1
4|50|**Без десяти минут пять** Уэно вздохнул в последний раз и закрыл глаза. Он метался в бреду целых три дня, а умер легко и тихо.|Дзюнъити Ватанабэ |Свет без тени|1
5|0|Нынче в **пять часов утра**, когда я открыл окно, моя комната наполнилась запахом цветов, растущих в скромном палисаднике. Ветки цветущих черешен смотрят мне в окна, и ветер иногда усыпает мой письменный стол их белыми лепестками.|Михаил Лермонтов|Герой нашего времени|1
5|0|В Петербурге разработан классический метод кадрежа: перевозите девушку на противоположный берег, и она никуда от вас не денется, пока не сведут мосты, часов в **пять утра**.|Фредерик Бегбедер|Идеаль|1
5|0|Рано утром, **часов в пять**, меня шумно разбудили: «Скорее, скорее!|Антон Чехов|Остров Сахалин|1
5|0|Подошли мы таким манером часов в **пять утра** к селенью, выстроились там солдаты в ширингу; мне велели стать в стороне и лошадей отпрячь; чтобы, знаете, они не испугались, как стрелять будут|Алексей Писемский|Люди сороковых годов|1
5|1|Женщина-патрульный еще раз глянула на часы, будто проверяя саму себя. Нет, ровно пять, даже **одна минута шестого**.|Корней Азарофф|Игрушки для хороших парней|1
5|1|"Нет, это был не взрыв. Просто таким ярким может быть Солнце, когда выходишь из Лабиринта… Чип посмотрел на часы.
— **Одна минута шестого**, — тихо произнес он."|Роман Канушкин|Обратный отсчет|1
5|2|В воздухе повисла легкая тревога с ароматом мыла и одеколона Дрю. Я взглянула на часы. **Две минуты шестого**.|Эмма Скотт|Сгорая дотла|1
5|2|Как же прикажете его узнать, мадам, если он не помнил себя от ярости и готов был все вокруг сокрушить, ваш щекастик, и было это в **две минуты шестого**, если желаете знать!|Луи Арагон|Весенняя незнакомка|1
5|3|В **три минуты шестого** приходит раскаяние. Меня охватывает паника, пока я задыхаюсь и хватаю ртом воздух. |Хейне Баккейд|Завтра я буду скучать по тебе|1
5|3|В **три минуты шестого** приходит раскаяние. Меня охватывает паника, пока я задыхаюсь и хватаю ртом воздух. Тело дрожит, меня трясёт, я размахиваю ногами, чтобы освободиться, но это не помогает.|Хейне Баккейд|Завтра я буду скучать по тебе|1
5|6|— Да, сэр. Вызов получили в **шесть минут шестого**. Позвонив, пошли в гостиную, чтобы посмотреть, что украдено?|Фрэнсис Дик|Рама для картины|1
5|10|В тот момент, **десять минут шестого** 25 декабря 1913 года, Чарли Хорст считал себя самым счастливым человеком в мире.|Вера Каспери|Беллилия|1
5|10|Вода из тюремных душей омывает моё лицо, а чёрная стрелка настенных часов завершает ещё один оборот. ** Десять минут шестого**.|Хейне Баккейд|Завтра я буду скучать по тебе|1
5|10|Там уже стоял электрический поезд, весь освещенный. На большом циферблате было обозначено время отхода. Стрелки показывали **десять минут шестого**.|Эрнест Хемингуэй|Прощай, оружие!|1
5|16|Было пятнадцать или **шестнадцать минут шестого**, когда она наконец вернулась. Запыхавшись, прижимая к груди бумажный пакет — со свитером, надо думать, со свитером, конечно.|Луи Арагон|Весенняя незнакомка|1
5|17|На лице мужчины, еще чистом, стекленели мутные глаза, а на губах застыла улыбка. Часы на стене показывали **семнадцать минут шестого**.|Анна Кутковская|Дом, у которого вынули душу|1
5|17|"Я сказал, что в Скопле, Македония, часы на вокзале были оставлены, чтобы сохранить память о землетрясении 1963 года:  
— И стрелки на них показывают **пять семнадцать**."|Филип Марсден|Перекресток: путешествие среди армян|1
5|18|Который же час? Уже семнадцать, почти **восемнадцать минут шестого**! Вы уверены, что они не спешат, ваши ходики? Жильбер — сама точность!|Луи Арагон|Весенняя незнакомка|1
5|20|На Синдзюку мне к тому времени приходилось сталкиваться с кое-какими странными  вещами, но чтобы в **двадцать минут шестого утра** совершенно  незнакомые  девушки предлагали мне с ними выпить, такое было впервые.|Харуки Мураками|Норвежский Лес|1
5|20|В пять часов старик встал, торопливо оделся и в **двадцать минут шестого** спустился по лестнице и запер за собой входную дверь.|Артур Конан Дойл|Кровавая расправа в Манор-Плэсе|1
5|27|А часы тюремной башни в продолжение целых двух часов неуклонно показывали **двадцать семь минут шестого**, хотя господин Сарматов и говорил, что видит на них сначала пять часов, а потом без четверти семь.|Максим Горький|Между прочим|1
5|45|"Чаплицкий поставил на первую карту пятьдесят тысяч и выиграл соника; загнул пароли, пароли-пе,— отыгрался и остался еще в выигрыше…
Однако пора спать: уже **без четверти шесть**. В самом деле, уже рассветало"|Александр Пушкин|Пиковая дама|1
5|55|Противники встретились **без пяти минут в 6 часов утра**, в роще, именуемой «Дубечная», расположенной в 3 1/2 верстах от города.|Александр Куприн|Поединок|1
5|59|он был строгий блюститель собственных правил и, положивши вставать в шесть часов утра, поднимал Ника в **59 минут шестого**, и никак не позже одной минуты седьмого, и отправлялся с ним на чистый воздух|Александр Герцен|Былое и думы|1
6|0|Было **шесть часов утра**, улицы были пусты, асфальт мокрый и чёрный, автоматические светофоры одиноко и ненужно перемигивались на перекрёстках.|Аркадий и Борис Стругацкие|Пикник на обочине|1
6|0|Затем Федосья будила меня в **шесть часов утра**.|Дмитрий Мамин-Сибиряк|Черты из жизни Пепко|1
6|0|Проснувшись часов в **шесть утра** и узнав, что я приехал на заре и сплю в кибитке, она прибежала и разбудила меня.|Сергей Аксаков|Собирание бабочек|1
6|0|он был строгий блюститель собственных правил и, положивши вставать в **шесть часов утра**, поднимал Ника в 59 минут шестого, и никак не позже одной минуты седьмого, и отправлялся с ним на чистый воздух|Александр Герцен|Былое и думы|1
6|0|— Карету отложить! — скомандовал он лакею, — но завтра ровно в **шесть часов утра** чтобы она была готова! Слышишь?|Иван Тургенев|Новь|1
6|2|Бежит Семен к своей будке, задыхается. Бежит – вот-вот упадет. Выбежал из лесу – до будки «со сажен, не больше, осталось, слышит – на фабрике гудок загудел. Шесть часов. А в **две минуты седьмого** поезд пройдет. Господи! Спаси невинные души!|Всеволод Гаршин|Сигнал|1
6|5|В **пять минут седьмого**  солнце  поднялось над  горизонтом. В его  жарких лучах жабы начали таять.|Стивен Кинг|Сезон дождей|1
6|20|В **двадцать минут седьмого** почти уже все, кроме Эркеля, командированного за Шатовым, оказались в сборе.|Фёдор Достоевский|Бесы|1
6|30|"– Наше бюро было извещено о кончине уважаемой…
– Когда она умерла? – осведомился Клим.
– В **половине седьмого** текущим утром, и я немедленно…"|Максим Горький|Жизнь Клима Самгина|1
6|40|Домой он вернулся только к пяти часам утра, а подняли его насилу-насилу в **семь без двадцати**. Ах, как бы не опоздать! Вдруг залепит Дрозд трое суток без отпуска. Вот тебе и Рождество...|Александр Куприн|Юнкера|1
6|45|"— Да который час? — спросил Санин.
— **Семь часов без четверти**; до Ганау — два часа езды, а мы должны быть первые на месте. Русские всегда предупреждают врагов! Я взял лучшую карету во Франкфурте!"|Иван Тургенев|Вешние воды|1
6|45|А часы тюремной башни в продолжение целых двух часов неуклонно показывали двадцать семь минут шестого, хотя господин Сарматов и говорил, что видит на них сначала пять часов, а потом **без четверти семь**.|Максим Горький|Между прочим|1
7|0|Завтра в **семь часов утра** я буду на зелёной скамейке, в парке, и буду вас ждать. Я решилась говорить с вами об одном чрезвычайно важном деле, которое касается прямо до вас.|Фёдор Достоевский|Идиот|1
7|0|— Улики есть-с. Во-первых, исчезновение в **семь часов** или даже в седьмом **часу** утра.|Фёдор Достоевский|Идиот|1
7|0|Г-жа Простакова (бегая по театру в злобе и в мыслях). В **семь часов**!.. Мы встанем поране… Что захотела, поставлю на своем… Все ко мне.|Денис Фонвизин|Недоросль|1
7|0|Часов в **семь утра** мгновенно стихло, наступила отличная погода. Следующая и вчерашняя ночи были так хороши, что не уступали тропическим. |Иван Гончаров|Фрегат „Паллада“|1
7|15|"Когда пробили часы, Зина быстро встала и, подойдя к Тёминой комнате, проговорила через дверь:
— Тёма, уже **четверть восьмого**.
Из Тёминой комнаты послышалось какое-то неопределённое мычание."|Николай Гарин-Михайловский|Детсво Тёмы|1
7|15|В **семь часов с четвертью** (семь пальцев с кусочком) приходит поезд (он свистнул, как паровоз, и постучал сабо).|Саша Чёрный|Чудесное лето|1
7|15|Так и есть — стучат! Это Анюта. Она аккуратно приходит будить Наташу каждое утро **четверть восьмого**. Сегодня опоздала отчего-то.|Лидия Чарская|Неприятное положение|1
7|35|И потом сердито показал всем, даже Хризантеме, часы — теперь **тридцать пять минут восьмого**. И опять хлопнул по столу концами пальцев.|Саша Чёрный|Чудесное лето|1
8|0|Бездельничавший целый месяц будильник Антуана был заведён на **восемь часов**. Антуан неподвижно лежал на спине, рука с зажжённой сигаретой свесилась с кровати. Начался дождь.|Франсуаза Саган|Сигнал к капитуляции|1
8|0|**Восемь часов утра**. В это время пьяницы пытаются либо забыть, кто они такие, либо вспомнить, где живут.|Терри Пратчетт|Роковая музыка|1
8|0|На другой день, в **восемь часов утра**, Эмиль, с Тартальей на сворке, отъявился к Санину.|Иван Тургенев|Вешние воды|1
8|0|На другой день в **восемь часов** я был в приемной зале Бенкендорфа.|Александр Герцен|Былое и думы|1
8|0|Александра Михайловна согласилась; и с этих пор я ровно по три раза в неделю отправлялась по утрам, в **восемь часов**, в сопровождении служанки в консерваторию.|Фёдор Достоевский|Неточка Незванова|1
8|0|Рано утром, еще, может быть, в **восемь часов**, Татьяна Павловна прилетела в мою квартиру, то есть к Петру Ипполитовичу, все еще надеясь застать там князя, и вдруг узнала о всех вчерашних ужасах, а главное, о том, что я был арестован.|Фёдор Достоевский|Подросток|1
8|0|Всякий день неизменно, в **восемь часов** утра, ему приносили в его комнату стакан кофе со свежею булкою;|Николай Лесков|Обойдённые|1
8|0|Он на другой день уж с **8 часов утра** ходил по Невскому, от Адмиралтейской до Полицейского моста, выжидая, какой немецкий или французский книжный магазин первый откроется, взял, что нужно, и читал больше трех суток сряду|Николай Чернышевский|Что делать?|1
8|0|— Еще **девятый час**, — возразила она.|Алексей Писемский|Виновата ли она|1
8|7|Зо Ли посмотрел на браслет личного информа (рубиновые цифры часов показали **семь минут девятого**) и перевел взгляд на каменное поле. В этот момент из стены под обрывом совершенно беззвучно вытянулся колоссальный факел прозрачно–голубого пламени.|Василий Головачев|Демон|1
8|10|Этого было недостаточно, чтобы пойти в «Кинотеатр для всех», который за тридцать пфеннигов в половине одиннадцатого утра распахивал для всех свои двери. А было всего **десять минут девятого**.|Генрих Бёлль|Газетчик|1
8|11|"Они бросились в свои комнаты и начали быстро запихивать вещи в холщовые сумки. Через несколько минут Дэнни произнес:
– Сейчас **одиннадцать минут девятого**. В восемь двадцать мы уходим. Согласен?
– Согласен, – подтвердил Трэй и бросил взгляд на свое спутниковое устройство."|Джон Гришэм|Остров Камин|1
8|15|Андрей(взглянув на часы). **Девятого четверть**.|Антон Чехов|Три сестры|1
8|20|Стоявшие на письменном столе кабинета часы показывали **двадцать минут десятого**.|Николай Гейнце|Под гнётом страсти|1
8|30|"Петр достал часы, лежавшие под рукой, и подал.
— **Половина девятого**. Там не встали?"|Лев Толстой|Смерть Ивана Ильича|1
8|30|«Что за вздор!» — подумал Вронский и взглянул на часы. Было уже **половина девятого**.|Лев Толстой|Анна Каренина|1
8|45|— Теперь, разумеется, застал дома? — спросил Розанов, показывая старику свои карманные часы, на которых было **три четверти девятого**.|Николай Лесков|Некуда|1
8|45|Пожалуй, так и лучше! Предостерегать бабушку от лишних волнений. Конечно, так. Проходя мимо думы, Верочка взглянула на часы. **Без четверти девять**! Успею как раз вовремя. Надо прибавить ходу.|Лидия Чурковская|Гимназистки|1
8|45|**Без четверти девять** теперь; ведь вот уж пора идти. А что-то будет такое; что-то тут будет? Желал бы я знать, что здесь именно особенного такого скрывается, — этак цель, направление и разные там закавыки.|Фёдор Достоевский|Двойник|1
8|48|"У Грэхема упало настроение: какие правильные? С самого начала снова не ладится…
«**Восемь часов сорок восемь минут**», – сообщил включенный приемник. Грэхем дернулся и выжал акселератор: ну несчастье!.."|Михаил Веллер|Теперь он успеет|1
8|49|Интервью закончилось в **восемь часов сорок девять минут утра**. А с девяти начали поступать звонки. Знакомые со всей страны, в основном подруги Эммы по колледжу, звонили, чтобы высказать ей свое восхищение|Джеймс Миченер|Роман|1
8|58|В  **восемь часов пятьдесят восемь минут** в отсек вошел капитан-лейтенант,|Леонид  Соболев|Своевременно или несколько позже|1
8|58|"Диего Вирт посмотрел на окошко универсальных часов: было **восемь часов пятьдесят восемь минут** среднесолнечного времени.
«Странно, – подумал он, вставая с постели. – На тревогу непохоже… Что там могло произойти? Неужели без меня нельзя обойтись?»"|Василий Головачев|Катастрофа|1
9|0|Ровно в **девять часов** Разумихин явился в нумера Бакалеева. Обе дамы ждали его давным-давно с истерическим нетерпением.|Фёдор Достоевский|Преступление и наказание|1
9|0|В комнате я уже был один. Я сел и стал молча дожидаться, долго, около часу; должно быть, было уже **около девяти часов**, когда меня вдруг позвали.|Фёдор Достоевский|Подросток|1
9|0|22 мая в **9 часов утра** высокие путешественники тронулись далее и в полдень прибыли в Инкерман|Николай Гейнце|Князь Тавриды|1
9|5|Все эти разговоры задержали Ипполита Матвеевича в пути, и он, против обыкновения, пришел на службу тогда, когда часы, висевшие над лозунгом «Сделал свое дело – и уходи», показывали **пять минут десятого**.|Илья Ильф, Евгений Петров|Двенадцать стульев|1
9|5|На следующее утро в **пять минут десятого** я вошел в нашу общую гостиную, где мы обычно завтракали. Мой друг Пуаро, отличавшийся необыкновенной пунктуальностью, как раз разбивал скорлупу второго яйца.|Агата Кристи|Убийство на поле для гольфа|1
9|5|"Аккуратнейший человек Захаров прибыл на  службу,  лишь  только  стрелка часов показала девять по московскому времени, и, к ужасу  своему,  застал  в помещении ""Кабаре"" милицию и представителей уголовного розыска. В **пять минут десятого** прибыли следственные власти."|Михаил Булгаков|Мастер и Маргарита|1
9|10|Пока малыш карабкался по тропинке, петлявшей по склону утеса, избушка развернулась кругом и потерла друг о друга передние конечности словно муха или адвокат в суде. Стрелки часов внутри домика постоянно показывали **десять минут десятого**.|Урсула Ле Гуин|Шкатулка с темнотой|1
9|11|Было **одиннадцать минут десятого**. Девушка внезапно бросилась к двери, прыгнула в машину, сказала что-то водителю, и такси сразу же начало набирать скорость.|Эрл Гарднер|Дело о двойняшке|1
9|15|Было утро, **четверть десятого**, Миша посмотрел на часы и вдруг тихонько усмехнулся, а потом написал: На стене висят часы,  у них стрелки, как усы.|Максим Горький|Миша|1
9|15|Тонкрх… тонкрх… сердито и предостерегающе ходили часы с хрипотой, и стрелки их показывали то девять, то **девять с четвертью**, то девять с половиной…|Михаил Булгаков|Белая гвардия|1
9|20|Стоявшие на письменном столе кабинета часы показывали **двадцать минут десятого**.|Николай Гейнце|Под гнётом страсти|1
9|30|В **половине десятого** Рудин уже был в беседке.|Иван Тургенев|Рудин|1
9|30|— Сегодня четверг, значит, в **половине десятого** придет пароход.|Антон Чехов|Попрыгунья|1
9|30|Что теперь будет… Гм… **Половина десятого**. Так-с… Что теперь будет?.. Лена!|Михаил Булгаков|Дни Турбиных|1
9|30|Ведь вот уже **половина десятого**, — думал господин Голядкин, — и являться-то поздно.|Фёдор Достоевский|Двойник|1
9|30|Тонкрх… тонкрх… сердито и предостерегающе ходили часы с хрипотой, и стрелки их показывали то девять, то девять с четвертью, то **девять с половиной**…|Михаил Булгаков|Белая гвардия|1
9|35|"— Настало время действовать, — пробормотал он.
В **девять тридцать пять** он уже стучал в дверь Блора. Тот осторожно открыл дверь. Волосы у него были всклокоченные, глаза сонные."|Агата Кристи|Десять негритят|1
9|45|В **три четверти десятого** явился Кетчер в соломенной шляпе, с измятым лицом человека, не спавшего целую ночь.|Александр Герцен|Былое и думы|1
9|45|Через несколько минут она подала самовар, а еще через две минуты, когда Татьяна Павловна вдруг ее кликнула, она не отозвалась: оказалось, что она зачем-то вышла. Это я прошу очень заметить читателя; было же тогда, я полагаю, без **четверти десять часов**.|Фёдор Достоевский|Подросток|1
9|45|Было всего **без четверти десять**, когда мы вернулись в общежитие. Броссар обожал бридж и пошел искать партнера. Экли, конечно, влез ко мне в комнату.|Джером Д. Сэлинджер|Над пропастью во ржи|1
9|47|Он всегда ожидает, что ему скажут тридцать две минуты пятого или **сорок семь минут десятого**, и сердится, что люди так не точно выражаются о драгоценнейшем сокровище, о времени.|Николай Лесков|Страстная суббота в тюрьме|1
9|50|Ровно **без десяти минут десять** вышла из лагеря пятая рота.|Александр Куприн|Поединок|1
9|50|— Ну, хорошо, — сказал, наконец, Максим, остервенев. — Сейчас мы все это проверим. По моим расчетам мы давно уже выехали из поля излучения, а сейчас примерно **без десяти десять**. Что вы все делаете в десять часов?|Аркадий и Борис Стругацкие|Обитаемый остров|1
10|0|По чашке кофею выпивалось барышнями еще раньше, ровно в **десять часов**, в постелях, в минуту пробуждения.|Фёдор Достоевский|Идиот|1
10|0|**Десять часов** пробило на башенных часах замка, когда он доехал до ограды.|Понсон дю Террайль|Тайны Парижа|1
10|0|Было **десять часов утра**. Я в пижаме вышла на террасу - там сидела Анна и просматривала газеты.|Франсуаза Саган|Здравствуй, грусть|1
10|0|В четверг на Святой, **часа за два до полудня**, Глеб остановил Ванюшу в ту минуту, как тот проходил мимо и готовился выйти за ворота.|Дмитрий Григорович|Рыбаки|1
10|0|Самгин провел с ним часа три, и все время Инокова как-то взрывало, помолчит **минут** пять и снова начинает захлебываться словами, храпеть, кашлять. В **десять часов** пришла Спивак.|Максим Горький|Жизнь Клима Самгина|1
10|0|Десяток яиц стоит уже 35 руб., масло 40, ибо мужиков, везущих продукты в город, грабят «бандиты». Взяты на учет кладбища. «Хорониться граждане отныне могут бесплатно». Часы переведены еще на час вперед – сейчас по моим **десять утра**, а «по-советски» половина второго дня.|Иван Бунин|Окаянные дни|1
10|0|На часах Ярославского вокзала было **ровно десят**ь. А посмотрев на темно-синий, украшенный знаками Зодиака циферблат Рязанского вокзала, путешественники заметили, что часы показывали без пяти десять. |Илья Ильф, Евгений Петров|Двенадцать стульев|1
10|5|Прямо против них – тускло поблескивал Октябрьский вокзал, выкрашенный масляной краской в два цвета. Часы на нем показывали **пять минут одиннадцатого**.|Илья Ильф, Евгений Петров|Двенадцать стульев|1
10|10|В **десять минут одиннадцатого** вертолет приземлился на гребне горы к западу от хребта Халлингскарвет. В одиннадцать часов хижина была обнаружена. Она так хорошо была спрятана на местности, что, даже примерно зная, где она находится, они ее едва ли нашли бы, не будь с ними Йенса Рата.  |Ю Несбё|Леопард|1
10|15|Филофей, успевший сбегать домой и возвратившийся оттуда в длинном белом отцовском балахоне, высоком гречневике и смазных сапогах, взобрался торжественно на козла. Я сел, посмотрев на часы: **четверть одиннадцатого**. |Иван Тургенев|Записки охотника|1
10|15|В **четверть одиннадцатого** стали выравнивать роты. Это было долгое, кропотливое и мучительное занятие.|Александр Куприн|Поединок|1
10|15|Время шло чрезвычайно быстро. Когда я направился искать Геза, было уже **четверть одиннадцатого**. Стоял знойный день.|Александр Грин|Бегущая по волнам|1
10|17|В **семнадцать минут одиннадцатого** (я заметил по часам) он встал и вышел из комнаты. Его долго не было. Чем-то он там загромыхал в коридоре, потом тихо стало. Я заколебался, не залезть ли - взглянуть на бумаги, взволновался и оттого утратил бдительность.|Борис Акунин|Декоратор|1
10|20|Было **двадцать минут одиннадцатого**. Как долго давать загадке возможность диктовать свои условия? Должен ли я предполагать, что звонил Джордж Хансен и что он махнул рукой на эту затею, увидев, как я растворяюсь в воздухе?|Роджер Желязны|Карты Судьбы|1
10|25|Он смотрел так, как будто ждал разрушения мира, и не то чтобы когда-нибудь, а совершенно определенно, так-этак послезавтра утром, ровно в **двадцать пять минут одиннадцатого**.|Фёдор Достоевский|Бесы|1
10|30|Около **половины одиннадцатого** начал звонить надтреснутый колокол маленькой церкви, и в нее отовсюду стали стекаться прихожане.|Марк Твен|Приключения Тома Сойера|1
10|30|Райскому оседлали лошадь, а сзади их Татьяна Марковна отправила целую тележку с гостинцами Анне Ивановне. И оба, вместо восьми часов, как хотели, едва выбрались из дома в десять и в **половине одиннадцатого** сели на паром Тушина.|Иван Гончаров|Обрыв|1
11|0|В **одиннадцать часов** утра — час, в который княгиня Лиговская обыкновенно потеет в Ермоловской ванне, — я шел мимо ее дома. Княжна сидела задумчиво у окна; увидев меня, вскочила.|Михаил Лермонтов|Герой нашего времени|1
11|0|Через неделю, в **одиннадцать часов утра**, я был на дебаркадере Варшавской железной дороги. Прокоп уже распоряжался переноскою багажа, состоявшего из двенадцати больших сундуков и нескольких ручных чемоданов.|Михаил Салтыков-Щедрин|Культурные люди|1
11|0|Накануне он сел за игру в восемь часов вечера и проиграл пятнадцать часов сряду, до **одиннадцати утра**.|Лев Толстой|Два гусара|1
11|0|Однажды Берсенев пришел к Стаховым не в обычную пору, **часу в одиннадцатом утра**. Елена вышла к нему в залу.|Иван Тургенев|Накануне|1
11|0|"В **одиннадцать часов** поднимаются сторы и в других двух окнах, и у среднего, перед туалетом, появляется сама Домнушка, в кофте, порядочно растрепанная, с косичкой (""коса"", покуда, покоится в картонке), болтающейся на плече."|Михаил Салтыков-Щедрин|Письма к тётеньке|1
11|7|— **Семь  минут  двенадцатого**!  воскликнул  он.  А  сегодня  я  должен... одиннадцать двадцать пять... на вокзале Ватерлоо... Мне нужно идти.|Герберт Уэллс|История покойного мистера Элвешема|1
11|10|"— Ты как думаешь, Джо, который теперь час?
— По крайней мере минут **десять двенадцатого**.
— Вишь ты! — молвил кучер с досадой. — А все еще не въехали на Шутеров холм."|Чарльз Диккенс|Повесть о двух городах|1
11|15|Теперь **четверть двенадцатого**, сейчас смотрел; ну, так ровно в тридцать пять минут двенадцатого я тебя и отпущу.|Фёдор Достоевский|Униженные и оскорблённые|1
11|15|Затем часы, врезанные в стену дома на углу Герцена и Моховой, остановились на **одиннадцати с четвертью**, и, наконец, в террариях зоологического института, не вынеся всех пертурбаций знаменитого года, издохли первоначально восемь великолепных экземпляров квакшей, затем пятнадцать обыкновенных жаб и, наконец, исключительнейший экземпляр жабы суринамской.|Михаил Булгаков|Роковые яйца|1
11|15|Теперь **четверть двенадцатого**, сейчас смотрел; ну, так ровно в тридцать пять минут двенадцатого я тебя и отпущу.|Фёдор Достоевский|Униженные и оскорблённые|1
11|20|А как там сама Madame? **Двадцать двенадцатого**. Встала. М-с Флеминг пришла прибраться. Причесывается, напевает: voglio e non vorrei. Не так: vorrei e non. Проверяет кончики волос, не секутся ли? Mi trema un poco il.|Джеймс Джойс|Улисс|1
11|21|Он продолжал говорить с ней, убеждать, уговаривать… потный, отупевший, мучимый навязчивой идеей. На часах была ровно **двадцать одна минута двенадцатого**, когда Франклин Гибс опустил последний доллар.|Род Серлинг|Полуночное солнце|1
11|25|— Семь  минут  двенадцатого!  воскликнул  он.  А  сегодня  я  должен... **одиннадцать двадцать пять**... на вокзале Ватерлоо... Мне нужно идти.|Герберт Уэллс|История покойного мистера Элвешема|1
11|28|Мы условились встретиться в холле в пол-одиннадцатого. Я боялась опоздать, но спустилась, наоборот, немного раньше. Но миссис Редферн меня уже ждала, и мы вышли в двадцать семь или **двадцать восемь минут двенадцатого**.|Агата Кристи|Зло под солнцем|1
11|28|Люди Харрела передвигались, останавливались, меняли положение по отношению к нему, где можно, прятались в тени. **Двадцать семь минут двенадцатого**. Оставалось еще четверть мили до того места, где Роз должна увидеть его сигнал.|Томас Крэйг|Последний ворон|1
11|30|В эту минуту часы пробили **половину двенадцатого.**|Фёдор Достоевский|Скверный анекдот|1
11|30|Вот почему Марья, как услышала давеча, что в **половине двенадцатого** Катерина Николаевна будет у Татьяны Павловны и что буду тут и я, то тотчас же бросилась из дому и на извозчике прискакала с этим известием к Ламберту.|Фёдор Достоевский|Подросток|1
11|30|В кухне же громко сказала мне, что в **половине двенадцатого** к ней будет сама Катерина Николаевна — как еще давеча они условились обе — для свидания со мной. Вот тут-то и услышала Марья.|Фёдор Достоевский|Подросток|1
11|32|Самгин вынул из кармана брюк часы, они показывали **тридцать две минуты двенадцатого**. Приятно было ощущать на ладони вескую теплоту часов.|Максим Горький|Жизнь Клима Самгина|1
11|35|Теперь четверть двенадцатого, сейчас смотрел; ну, так ровно в **тридцать пять минут двенадцатого** я тебя и отпущу.|Фёдор Достоевский|Униженные и оскорблённые|1
11|41|— Простые числа! — Он оживился. — И не просто простые числа, но обратите внимание, что они не согласуются с последовательностью пятеричной системы минут. Не одиннадцать сорок, не одиннадцать сорок пять, а **одиннадцать сорок одна**!|Филип Марсден|Перекресток: путешествие среди армян|1
11|45|Рославлев вынул часы, подавил репетицию; она пробила **одиннадцать часов и три четверти**.|Михаил Загоскин|Рославлев, или Русские в 1812 году|1
11|45|Ровно в **11.45**: я тогда нарочно взглянул на часы — чтоб ухватиться за цифры — чтоб спасли хоть цифры.|Евгений Замятин|Мы|1
11|45|В **11.45**, перед тем, как идти на обычные, согласно Часовой Скрижали, занятия физическим трудом, я забежал к себе в комнату. Вдруг телефонный звонок, голос — длинная, медленная игла в сердце|Евгений Замятин|Мы|1
12|0|Ровно в **двенадцать часов** Александр Иванович отодвинул в сторону контокорректную книгу и приступил к завтраку|Илья Ильф, Евгений Петров|Золотой теленок|1
12|0|Эхе, хе! **двенадцать часов**! – сказал наконец Чичиков, взглянув на часы. – Что ж я так закопался? Да еще пусть бы дело делал, а то ни с того ни с другого сначала загородил околесину, а потом задумался. Экой я дурак в самом деле!|Николай Гоголь|Мертвые души|1
12|0|На другой день к обеду прискакал верхом гонец с письмом от Шатова: письмо было отправлено в четыре часа утра, а в **полдень** уже получено Васильем Петровичем.|Сергей Аксаков|Наташа|1
12|0|После **полудня** вновь погода стала портиться. Опасаясь, как бы опять не пошли затяжные дожди, я отложил осмотр Ли-Фудзина до другого, более благоприятного случая.|Владимир Арсеньев|По Уссурийскому краю|1
12|0|Мозжитесь, ее кости; томитесь, ее мысли, и день, и ночь, и в глухую полночь, и в ясный **полдень**, и в каждый час, и в каждую минуту обо мне, рабе божием (имярек).|Александр Блок|Поэзия заговоров и заклинаний|1
12|0|Еще была зима, но солнце начинало ходить выше, и в **полдень**, когда вышедший рано утром отряд прошел уже верст десять, пригревало так, что становилось жарко, и лучи его были так ярки, что больно было смотреть на сталь штыков и на блестки, которые вдруг вспыхивали на меди пушек, как маленькие солнца.|Лев Толстой|Хаджи-Мурат|1
12|0|Около **полудня**, то есть ровно через три часа по приезде князя в Мордасов, по городу распространились странные слухи.|Фёдор Достоевский|Дядюшкин сон|1
12|0|Каждый день в **полдень** во дворе и за воротами на улице вкусно пахло борщом и жареной бараниной или уткой, а в постные дни — рыбой, и мимо ворот нельзя было пройти без того, чтобы не захотелось есть.|Антон Чехов|Душечка|1
12|0|"Уж **полдень** над его главой 
Пылал в сиянии веселом..."|Александр Пушкин|Кавказский пленник|1
12|0|Было ровно **двенадцать часов**; я прошел в следующую комнату, подумал, сообразил о новом плане и, воротясь, разменял у банка мои кредитки на полуимпериалы.|Фёдор Достоевский|Подросток|1
12|5|"С этой стороны книги конец романа будет следующим: ""Было **пять минут первого**, когда башни с чудовищным взрывом взлетели на  воздух, унося с собой пламя, в котором погибло тело Леандера."""|Милорад Павич|Начало и конец романа|1
12|10|— **Десять минут первого**, — ответил Снорк. Больше никто ничего не сказал. Они слезли с дерева и пошли прямо на запад.|Янссон Туве|Муми-тролль и комета|1
12|15|в кухне тихо и сумрачно, рублевые стенные часы, у которых стрелки не двигались, всегда показывали **четверть первого**, стучат необыкновенно четко и торопливо, свинка, зимующая в кухне, стоит возле печки и, до глаз запустив морду в лохань с помоями, роется в них|Иван Бунин|Старуха|1
12|30|В Германию! Не дожидаясь, завтра взять у Ардашева нужные письма и — в Берлин. Взглянул на стенные часы — **половина первого**.|Лев Толстой|Эмигранты|1
12|45|Ровно в **три четверти** первого Санин объявился к Полозову. У ворот его гостиницы уже стояла карета, запряжённая четырьмя лошадьми.|Иван Тургенев|Вешние воды|1
12|45|— **Три четверти первого**, — посмотрел на часы Николай Всеволодович, вступая в комнату.|Фёдор Достоевский|Бесы|1
12|45|Герр профессор изволил выразить желание, чтобы сегодня все мы собрались вот в этой гостиной к часу дня. _(Смотрит на часы.)_ **Без четверти час**. Хочет о чем-то поведать миру.|Антон Чехов|Дядя Ваня|1
12|45|Было **без четверти час**; но Карл Иваныч, казалось, и не думал о том, чтобы отпустить нас, он то и дело задавал новые уроки. Скука и аппетит увеличивались в одинаковой мере.|Фёдор Достоевский|Детство|1
13|0|Все спало в замке, когда башенные часы пробили **час**.|Николай Гейнце|Герой конца века|1
13|0|Около **часу дня** я, Н.А. Десулави и П.П. Бордаков пошли вперед, а стрелки начали вьючить мулов.|Владимир Арсеньев|Дерсу Узала|1
13|0|Все шло, ехало, валило и маршировало к новому трамвайному депо, из которого ровно в **час дня** должен был выйти первый в Старгороде электрический трамвай.|Илья Ильф, Евгений Петров|Двенадцать стульев|1
13|2|"Приветливая женщина, приоткрыв дверь, взглянула на стенные часы:
— О, бог мой, **две минуты второго**! Что-нибудь экстренное задержало господина Ардашева, он очень пунктуален."|Лев Толстой|Эмигранты|1
13|6|Огромный циферблат на вершине башни — это было лицо: нагнулось из облаков и, сплевывая вниз секунды, равнодушно ждало. И вот ровно в **13 часов и 6 минут** — в четырехугольнике произошло замешательство.|Евгений Замятин|Мы|1
13|7|"— Уже **семь минут второго**, — не опуская газеты, густовато проговорил Михаил Александрович.
Львов остановился и некоторое время глядел невидяще.
Алексей Толстой"|Алексей Толстой|Эмигранты|1
13|15|А Дмитрий Федорович летел по дороге. До Мокрого было двадцать верст с небольшим, но тройка Андреева скакала так, что могла поспеть в **час с четвертью**.|Фёдор Достоевский|Братья Карамазовы|1
13|17|Я посмотрел на часы. **Семнадцать минут второго**. Автобус придет через четыре. Задрав голову, я рассеянно смотрел на небо.|Харуки Мураками|Сжечь сарай|1
13|25|Такси высадило Ханако около мастерской сэнсэя школы Дайдзэн в **двадцать пять минут второго**. Машин практически не было. Полуторачасовое занятие должно было закончиться в три|Тодд Симода|Четвертое сокровище|1
13|30|Тебе давно пора в Адмиралтейство! Тебя там сегодня ждут. Ты обещал быть в двенадцать часов, а теперь **половина второго**.|Сергей Аксаков|Воспоминание об Александре Семеновиче Шишкове|1
13|30|– Поедемте на bal de l'Opera – теперь самая пора – **половина второго**, – сказал я, вставая из-за стола в небольшом кабинете Cafe Anglais, одному русскому художнику, всегда кашлявшему и никогда вполне не протрезвлявшемуся.|Александр Герцен|Былое и думы|1
13|30|Десяток яиц стоит уже 35 руб., масло 40, ибо мужиков, везущих продукты в город, грабят «бандиты». Взяты на учет кладбища. «Хорониться граждане отныне могут бесплатно». Часы переведены еще на час вперед – сейчас по моим десять утра, а «по-советски» **половина второго дня**.|Иван Бунин|Окаянные дни|1
13|30|Мальчик посмотрел на часики своей дамы и пожал плечами. **Половина второго**. Стоят. Зачем ей часы, если она даже заводить их забывает.|Саша Чёрный|Чудесное лето|1
13|40|В своей комнате он взглянул запухшими от слез глазами на часы и испугался: **два без двадцати минут**! Торопясь и стараясь не шуметь, он свел велосипед с балкона, тихо и скоро повел его по двору.|Иван Бунин|Тёмные аллеи|1
13|40|Он открыл потайной шкаф в стене, где лежал костюм, в который он переодевался для своих ночных похождений, и спрятал туда вещи Бэзила, подумав, что их потом можно будет просто сжечь. Затем посмотрел на часы. Было **сорок минут второго**.|Оскар Уайльд|Портрет Дориана Грея|1
13|45|Камышинка в кушетке впилась в бок. На белой трубе тень от наклонной железки на Игоревых солнечных часах показывала **без четверти два**. Пора вниз — на землю, к людям.|Саша Чёрный|Чудесное лето|1
14|0|С тяжелой головой, после бессонной и бурно проведенной ночи, **около двух часов дня** проснулся в гостинице Николай Леопольдович.|Николай Гейнце|В тине адвокатуры|1
14|0|Он взглянул на часы: **два часа**, пора ехать к Ольге. Сегодня положенный день обедать. Он мало-помалу развеселился, велел привести извозчика и поехал в Морскую.|Иван Гончаров|Обломов|1
14|0|Граф стал одеваться и к **двум часам** — часу завтрака — вышел в столовую.|Николай Гейнце|Тайна любви|1
14|0|В **два часа** садился в собственную эгоистку и ехал завтракать к Дюсо; там встречался со стаею таких же шалопаев и условливался насчет остального дня|Михаил Салтыков-Щедрин|Мелочи жизни|1
14|0|В **два часа** ровно коляска домашней работы, запряженная шестью лошадьми, въехала на двор и покатилась около густо-зеленого дернового круга.|Александр Пушкин|Повести покойного Ивана Петровича Белкина|1
14|0|Пускай обо мне думают, что хотят, мне, право, всё равно, когда судьба сына зависит от этого. — Княгиня поднялась. — Теперь **два часа**, а в четыре часа вы обедаете. Я успею съездить.|Лев Толстой|Война и мир|1
14|20|Было уже **двадцать минут третьего**, а учителя истории не было еще ни слышно, ни видно даже на улице, по которой он должен был прийти и на которую я смотрел с сильным желанием никогда не видать его.|Лев Толстой|Отрочество|1
14|30|Иван Ильич рассчитал: ровно в **половине третьего** он нажмет пуговку звонка в той единственной двери, — она ему представлялась светло-дубовой, с двумя окошечками наверху, — куда он притащился бы и мертвый.|Алексей Толстой|Хождение по мукам|1
14|30|Было **половина третьего**. Уроки кончились, и гимназистки с веселым шумом высыпали из подъезда.|Лидия Чарская|Гимназистки|1
14|30|Было уже поздно, почти **половина третьего**, и Епанчина князь не застал дома. Оставив карточку, он решился сходить в гостиницу «Весы» и спросить там Колю; если же там нет его — оставить ему записку.|Фёдор Достоевский|Идиот|1
14|33|"Пандалевский достал из кармана жилета золотые часики с эмалью и посмотрел на них, осторожно налегая розовой щекой на твердый и белый воротничок.
— **Два часа и тридцать три минуты**, — промолвил он."|Иван Тургенев|Рудин|1
14|37|— Не помню, так; ходил по комнате... всё равно. Я часы остановил, было **тридцать семь минут третьего**.|Фёдор Достоевский|Бесы|1
14|40|"Большая толпа знакомых и просто любопытных стояла на набережной.
– Куда он запропастился? – недоумевал Гатлинг, посматривая на часы. – **Сорок минут третьего**.
– Подождем немного, – сказал профессор Томсон."|Александр Беляев|Остров Погибших Кораблей|1
14|45|Я смотрю на часы – **три без четверти**... и я с чувством какого-то бешенства сажусь на лавочку перед кафе... Шум, крик, таскают чемоданы, водят лошадей, лошади стучат без нужды по камням, трактирные гарсоны завоевывают путешественников, дамы роются между саками...|Александр Герцен|Былое и думы|1
14|50|"— Ах, боже мой, который это час? — вдруг вскричал я, нечаянно взглянув на циферблат часов на камине.
— **Без десяти минут три**,— спокойно произнесла она, взглянув на часы."|Фёдор Достоевский|Подросток|1
14|55|Было уже  **без  пяти минут три**,  когда я  вернулся в  класс. Учитель,  как будто не  замечая ни моего отсутствия,  ни моего присутствия, объяснял Володе следующий урок.|Лев Толстой|Отрочество|1
15|0|Притом история о танцующих стульях в Конюшенной улице была еще свежа, и потому нечего удивляться, что скоро начали говорить, будто нос коллежского асессора Ковалева ровно в **три часа** прогуливается по Невскому проспекту.|Николай Гоголь|Нос|1
15|0|На другой день, в **три часа дня**, он уже входил в квартиру графини Марифоски.|Николай Гейнце|Герой конца века|1
15|0|Елена говорит в тревоге. Вот несчастье. Муж должен был вернуться самое позднее, слышите ли — самое позднее, сегодня в **три часа дня**, а сейчас уже десять.|Михаил Булгаков|Белая гвардия|1
15|5|Николай Павлович посмотрел на часы. Было **пять минут четвертого**. Час свиданья приближался.|Николай Гейнце|Аракчеев|1
15|10|"Пир шел: холодная водка, балык, грузди, семга, чего только не было... Но Василий Сергеевич посмотрел на часы и сказал Юрию Сергеевичу:
— Ты меня извини, Юрий, уже **десять минут четвертого**, я должен тебя оштрафовать на три рубля."|Константин Коровин|Московская канитель|1
15|15|Взглянув на часы и видя, что еще только **четверть четвертого**, следовательно, еще остается порядочно ждать, а вместе с тем и рассудив, что так сидеть неприлично, господин Голядкин приказал подать себе шоколаду, к которому, впрочем, в настоящее время большой охоты не чувствовал.|Фёдор Достоевский|Двойник|1
15|16|Он зевнул и высунул левую руку из-под одеяла. **Шестнадцать минут четвертого**. Он лениво покрутил головку часов, заводя их.|Ричард Мэтисон|В один из тех дней|1
15|20|"— Я послезавтра на ""Синкансэне"" в **двадцать минут четвертого** на станцию ""Токио"" приезжаю, встретишь меня? Лицо мое помнишь еще? Или, может, тебе какая-то там Рэйко уже не интересна, раз Наоко умерла?"|Харуки Мураками|Норвежский лес|1
15|20|Мы были на городском вокзале в **двадцать минут четвертого** и, наскоро закусив в буфете, сразу отправились в Скотленд-Ярд. Холмс уже телеграфировал Форбсу, и он нас ждал.|Артур Конан Дойл|Записки о Шерлоке Холмсе|1
15|20|Дневное представление _«Кавасё»_ начиналось в два часа, кончалось в **двадцать минут четвёртого**. Солнце палило, было ещё жарче, чем вчера.|Дзюнъитиро Танидзаки|Дневник безумного старика|1
15|30|"Послы были от бабушки. Требовалось сыскать и доставить меня немедленно, «сердятся», — сообщил Потапыч.
— Но ведь еще только **половина четвертого**!"|Фёдор Достоевский|Игрок|1
15|30|— Ну, представь же себе, я заходил к Татьяне Павловне ровнешенько в **половину четвертого**, минута в минуту, и она встретила меня в кухне: я ведь почти всегда к ней хожу через черный ход.|Фёдор Достоевский|Подросток|1
15|40|"Он повесил трубку и схватил с полки расписание поездов.
— Да, вот он, последний, в двадцать три пятьдесят пять. Следующий пойдет только в **три сорок**."|Аркадий Гайдар|Тимур и его команда|1
15|53|"— Товарищ командир, разрешите отправляться?
— Да! — Полковник смотрит на часы: три часа пятьдесят три минуты. — Приказано отправляться в **три часа пятьдесят три минуты**."|Аркадий Гайдар|Тимур и его команда|1
16|0|А между тем часы проходили, летели, и незаметно стукнуло **четыре часа**.|Фёдор Достоевский|Двойник|1
16|0|В **четыре часа** выходил на Невский, улыбался проезжавшим мимо кокоткам и жал руки знакомым|Михаил Салтыков-Щедрин|Мелочи жизни|1
16|0|Наконец уже в **четыре часа** явились люди со станции снимать нас с мели, а между прочим, мы, в ожидании их, снялись сами. Отчего же просидели часа четыре на одном месте — осталось неизвестно.|Иван Гончаров|Фрегат „Паллада“|1
16|0|Теперь ровно **четыре часа**, а чай он пьет по-старинному, как проснется, в пятом часу.|Фёдор Достоевский|Дядюшкин сон|1
16|0|Под гулким сводом, пронизывающим дом, по асфальтовой дороге доктор вышел на улицу. Было ровно **четыре часа** дня на старинных часах на башне дома напротив. Начало чуть-чуть темнеть. Улица совершенно пуста.|Михаил Булгаков|Белая гвардия|1
16|5|Когда госпожа Уотсон посмотрела на часы на стене, они как раз показывали **пять минут пятого**, так что она аккуратно сложила бумаги на столе и начала собираться.|Хагивара Сакутаро|Черный кот госпожи Уотсон|1
16|5|Любитель бесконечных разочарований с коллекцией старых открыток, я иду! Я иду! Вы хотите показать мне вокзал, часы которого остановились в **пять минут пятого**.|Чарльз Симик|Мир не кончается|1
16|9|**Девять минут пятого**. Запах озона, сверкающее море, лицензия на содержание парка аттракционов. Вот тут-то все и начинается.|Марк Хэддон|Крушение пирса|1
16|10|Невольно Скайльс взялся за пульс: обычный. Взглянул на хронометр: было **десять минут пятого**, 14 августа 192… года.|Алексей Толстой|Аэлита|1
16|10|Вот и сегодня. Ровно в **16.10** — я стоял перед сверкающей стеклянной стеной. Надо мной — золотое, солнечное, чистое сияние букв на вывеске Бюро.|Евгений Замятин|Мы|1
16|14|Дороти снова переключила скорость, и автомобиль помчался к городу. Приближаясь к станции обслуживания, она посмотрела на часы. Было **четырнадцать минут пятого**.|Гарднер Эрл Стенли|Прокурор разбивает яйцо|1
16|15|"– Не пора ли одеваться: **четверть пятого**! – сказал Аянов.
– Да, пора, – отвечал Райский, очнувшись от задумчивости."|Иван Гончаров|Обрыв|1
16|15|Ему ампутировали ногу и сказали, что опасности для жизни нет, но в **пятнадцать минут пятого** он сказал, что ему негде жить, вздрогнул, сжал одеяло и умер.|Оксана Лисковая|Птица в виноградных листьях|1
16|17|– Хватит. Пора заканчивать. Всех касается. Мы сделали все, что было в наших силах. Сворачиваемся. Время – **семнадцать минут пятого**.|Уорд Рейчел|Когда придет дождь|1
16|20|Два листа, два трискалиона, как два дрожащих трехногих купальщика, разбегаются, чтоб окунуться, рвение заносит их в середину лужи и там, внезапно замедлив, они плывут, став совершенно плоскими. **Двадцать минут пятого**.|Владимир Набоков|Под знаком незаконнорожденных|1
16|23|Часы в витрине лавки часовщика показывали **двадцать три минуты пятого**. По методичному, словно бег по стадиону, передвижению секундной стрелки было ясно, что часы идут.|Найо Марш|Премьера убийства|1
16|23|Из-за обильных возлияний накануне утро очередного дня пришло в дом профессора Кондратьева во второй половине дня, а точнее, в **двадцать три минуты пятого**.|Виктория Ближевская|Спокойных дней не будет|1
16|28|Небо по сезону сплошь затянуто негустыми синевато-серыми тучами, и уже надвигаются вечерние сумерки, хотя часы показывают **двадцать восемь минут пятого**.|Кобо Абэ|Сожженная карта|1
16|29|Как ты думаешь, отпустит меня тетя Миранда в Миллтаун с мистером Кобом? Сейчас уже **двадцать девять минут пятого** и Алиса Робинсон ждет меня под смородиной. Можно мне пойти поиграть?|Кейт Дуглас Уиггин|Ребекка с фермы Солнечный ручей|1
16|30|В **четыре часа с половиной** Полина, князь и Калинович сели за стол.|Алексей Писемский|Тысяча душ|1
16|30|— Я говорю: «Ну где теперь Александру Федорычу быть? — продолжала Марья Михайловна, — уж **половина пятого**».|Иван Гончаров|Обыкновенная история|1
16|30|"В кабинете раздавалось мерное храпенье.
— Спит, — прошептал он, — надо будить: скоро **половина пятого**.
Он кашлянул и вошел в кабинет."|Иван Гончаров|Обломов|1
16|30|"— Эк спит-то! — сказал Захар, — словно каменщик. Илья Ильич!
Захар слегка тронул Обломова за рукав.
— Вставайте: **пятого половина**."|Иван Гончаров|Обломов|1
16|30|Я потому давеча и спрятался, как школьник, что думал, что вы мне помешаете; но, кажется (он вынул часы), могу пробыть с вами час; теперь **половина пятого**.|Фёдор Достоевский|Преступление и наказание|1
16|32|Он всегда ожидает, что ему скажут **тридцать две минуты пятого** или сорок семь минут десятого, и сердится, что люди так не точно выражаются о драгоценнейшем сокровище, о времени.|Николай Лесков|Страстная суббота в тюрьме|1
16|35|Мне  приснилась  бабочка,  порхающая  в  вечерних  сумерках. Когда  я проснулся, часы  показывали  **тридцать пять минут пятого**.  Солнце клонилось к закату, ветер  стих, облака изменили свой облик.|Харуки Мураками|Норвежский Лес|1
16|40|Было **сорок минут пятого** на карманных часах лейтенанта, когда он скомандовал выступление. Старший вахмистр ехал рядом с ним, а по обе стороны араба двигались спахи, не спускавшие с него глаз.|Жюль Верн|Наступление моря|1
16|45|А там, **без четверти в пять** часов, пробирался к беседке Тушин. Он знал местность, но, видно, давно не был и забыл, потому что глядел направо, налево, брал то в ту, то в другую сторону, по едва заметной тропинке, и никак не мог найти беседки.|Иван Гончаров|Обрыв|1
16|45|"— Клуб  ""Диоген"" — самый  чудной  клуб  в  Лондоне,  а Майкрофт  --  из чудаков чудак. Он там ежедневно с **без четверти пять** до сорока минут восьмого."|Артур Конан Дойл|Случай с переводчиком|1
16|50|**Без десяти минут пять** Уэно вздохнул в последний раз и закрыл глаза. Он метался в бреду целых три дня, а умер легко и тихо.|Дзюнъити Ватанабэ |Свет без тени|1
16|55|Дома Федору Михайловичу казалось, все делалось ему, наперекор. Было **без пяти минут пять часов**. Он думал, что сейчас же подадут обедать, но обед не был еще готов. Федор Михайлович хлопнул дверью и ушел в свою комнату. |Лев Толстой|Фальшивый купон|1
17|0|На другой день, ровно в **пять часов вечера**, Истомин вошел ко мне в пальто и шляпе.|Николай Лесков|Островитяне|1
17|0|В эту эпоху спектакли начинались обыкновенно в **пять часов вечера** и кончались не позднее десятого часа.|Николай Гейнце|Князь Тавриды|1
17|0|Чугунное пресс-папье стояло на своем месте, когда одиннадцатого декабря, в **пять часов вечера**, я вошел в кабинет к Алексею. Этот час перед обедом — обедают они в семь часов — и Алексей и Татьяна Николаевна проводят в отдыхе. Моему приходу очень обрадовались.|Леонид Андреев|Мысль|1
17|0|Но было уже почти **пять часов вечера**, и я подумала, чего её снимать, если скоро уже опять надевать, и решила ничего не менять в своём облике.|Наталья Никольская|Капкан|1
17|0|Самгин остановил его, сказав, что он сегодня в **пять часов** должен уехать из Петербурга и что церемония похорон должна быть совершена ускоренно.|Максим Горький|Жизнь Клима Самгина|1
17|0|Ровно в **пять часов** бронзовые часы Петра I не успели добить пятого удара, как вышел Алексей Александрович в белом галстуке и во фраке с двумя звездами, так как сейчас после обеда ему надо было ехать.|Лев Толстой|Анна Каренина|1
17|1|Женщина-патрульный еще раз глянула на часы, будто проверяя саму себя. Нет, ровно пять, даже **одна минута шестого**.|Корней Азарофф|Игрушки для хороших парней|1
17|1|"Нет, это был не взрыв. Просто таким ярким может быть Солнце, когда выходишь из Лабиринта… Чип посмотрел на часы.
— **Одна минута шестого**, — тихо произнес он."|Роман Канушкин|Обратный отсчет|1
17|2|В воздухе повисла легкая тревога с ароматом мыла и одеколона Дрю. Я взглянула на часы. **Две минуты шестого**.|Эмма Скотт|Сгорая дотла|1
17|3|В **три минуты шестого** приходит раскаяние. Меня охватывает паника, пока я задыхаюсь и хватаю ртом воздух. |Хейне Баккейд|Завтра я буду скучать по тебе|1
17|3|В **три минуты шестого** приходит раскаяние. Меня охватывает паника, пока я задыхаюсь и хватаю ртом воздух. Тело дрожит, меня трясёт, я размахиваю ногами, чтобы освободиться, но это не помогает.|Хейне Баккейд|Завтра я буду скучать по тебе|1
17|5|"— Мы проговорили с вами пятьдесят минут, у меня абсолютное чувство времени. Проверьте, я права?
— Да, — сказал Вадим, поглядев на часы, - совершенно правильно, сейчас **пять минут шестого**."|Анатолий Рыбаков|Страх|1
17|6|— Да, сэр. Вызов получили в **шесть минут шестого**. Позвонив, пошли в гостиную, чтобы посмотреть, что украдено?|Фрэнсис Дик|Рама для картины|1
17|10|Дело было в «Лондоне», на углу улицы Перу и Авенида; а время – **десять минут шестого**. Маркиза вышла в пять? Лопес помотал головой, чтобы отделаться от застрявшего в памяти обрывка, и попробовал свое «Килмес Кристалл».|Хулио Кортасар|Счастливчики|1
17|10|В тот момент, **десять минут шестого** 25 декабря 1913 года, Чарли Хорст считал себя самым счастливым человеком в мире.|Вера Каспери|Беллилия|1
17|10|Вода из тюремных душей омывает моё лицо, а чёрная стрелка настенных часов завершает ещё один оборот. ** Десять минут шестого**.|Хейне Баккейд|Завтра я буду скучать по тебе|1
17|10|Там уже стоял электрический поезд, весь освещенный. На большом циферблате было обозначено время отхода. Стрелки показывали **десять минут шестого**.|Эрнест Хемингуэй|Прощай, оружие!|1
17|10|Я  уперся взглядом в часы на стене. С  крайне  тоскливым  выражением на циферблате эти часы показывали **десять минут шестого**. И  тут я вспомнил,  что обещал позвонить Юки.|Харуки Мураками|Дэнс, дэнс, дэнс|1
17|11|– Смотрите сюда,  погонщик  рабов!  Видите  эти  часы,  отсчитывающие драгоценные секунды моей жизни? Видите, что  они  показывают?  **Одиннадцать минут шестого**. А в моем контракте сказано, что я работаю до пяти.|Роберт Хайнлайн|Уплыть за закат|1
17|15|– Скажи Николаю Васильевичу, что мы садимся обедать, – с холодным достоинством обратилась старуха к человеку. – Да кушать давать! Ты что, Борис, опоздал сегодня: **четверть шестого**! – упрекнула она Райского.|Иван Гончаров|Обрыв|1
17|15|Я пообедал в трактире. Ровно в **пять с четвертью** воротился. Я входил всегда с своим ключом. Никого, кроме Матреши, не было.|Фёдор Достоевский|Бесы|1
17|17|На лице мужчины, еще чистом, стекленели мутные глаза, а на губах застыла улыбка. Часы на стене показывали **семнадцать минут шестого**.|Анна Кутковская|Дом, у которого вынули душу|1
17|17|Она зарегистрировалась в гостинице в три часа дня. Делала покупки в магазине в **семнадцать минут шестого**. Вызвала такси почти в семь часов вечера.|Анне Хольт|Чему не бывать, тому не бывать|1
17|17|"Я сказал, что в Скопле, Македония, часы на вокзале были оставлены, чтобы сохранить память о землетрясении 1963 года:  
— И стрелки на них показывают **пять семнадцать**."|Филип Марсден|Перекресток: путешествие среди армян|1
17|20|"– Если хочешь почитать, здесь есть еще помещение.  
– Но... – Я посмотрел на наручные часы. **Двадцать минут шестого**. – Ведь библиотека уже закрывается, да и мама волноваться будет, если я к ужину не вернусь."|Харуки Мураками|Вампир в такси|1
17|25|После многих расспросов я добился наконец от слуг, что обед заказан к шести часам, а не к пяти. Это подтвердили и в буфете. Даже стыдно стало расспрашивать. Было еще только **двадцать пять минут шестого**.|Фёдор Достоевский|Записки из подполья|1
17|27|А часы тюремной башни в продолжение целых двух часов неуклонно показывали **двадцать семь минут шестого**, хотя господин Сарматов и говорил, что видит на них сначала пять часов, а потом без четверти семь.|Максим Горький|Между прочим|1
17|30|В **половине шестого**, Наполеон верхом ехал к деревне Шевардину.|Лев Толстой|Война и мир|1
17|35|Официант хмуро взглянул на меня; увидев, что я одна, он не спешил, к тому же было **тридцать пять минут шестого** — тот затишек между часом, когда все нормальные люди уже кончили пить чай, и тем далеким еще временем, когда начнут пить коктейли.|Дафна Дюморье|Ребекка|1
17|50|Ровно **без десяти минут в шесть часов**, в вокзале железной дороги, вдоль вытянувшегося, довольно длинного ряда вагонов, прохаживались Петр Степанович и Эркель. Петр Степанович отъезжал, а Эркель прощался с ним.|Фёдор Достоевский|Бесы|1
18|0|В **шесть часов вечера** в свободное послеобеденное время сторож, перновский ефрейтор, постучался в решетчатую дверь карцера.|Александр Куприн|Юнкера|1
18|0|С **шести часов** сторы в спальне опускаются. Вероятно, в это время Домнушка, снявши корсет, обедает с мамашей, отдыхает и переодевается к вечеру.|Михаил Салтыков-Щедрин|Письма к тётеньке|1
18|0|Подождав поручика до **шести часов**, Крюковы сели обедать. Вечером, когда уже было пора ужинать, Алексей Иванович прислушивался к шагам, к стуку дверей и пожимал плечами.|Антон Чехов|Тина|1
18|0|После обеда Василий Порфирыч ложится отдохнуть до **шести часов вечера**; дети бегут в сад, но ненадолго: через час они опять засядут за книжки и будут учиться до шести часов.|Михаил Салтыков-Щедрин|Пошехонская старина|1
18|0|В **шесть часов** обедал у того же неизменного Дюсо, а в праздники — у ma tante;  вечер проводил в балете, а оттуда, купно с прочими шалопаями, закатывался на долгое ночное бдение туда же, к Дюсо.|Михаил Салтыков-Щедрин|Мелочи жизни|1
18|0|Пирамидалов (посмотрев на часы). Как мне приказано, так я и явился, теперь ровно **шесть часов**.|Александр Островский|Богатые невесты|1
18|15|**Четверть седьмого**! Как долго еще приходилось ждать! Он снова зашагал взад и вперед. Солнце склонялось к закату, небо зарделось над деревьями, и алый полусвет ложился сквозь узкие окна в его потемневшую комнату.|Иван Тургенев|Дым|1
18|20|Закрыв за ней дверь, он взглянул на часы: **двадцать минут седьмого**. Он торопливо достал крахмальную рубашку и, ломая ногти, всовывал запонки.|Алексей Толстой|Эмигранты|1
18|30|— О, пораньше, в **половине седьмого**. И знаете, вы можете войти, сесть и ни с кем не говорить, сколько бы там их ни было.|Фёдор Достоевский|Бесы|1
18|37|"А затем, помолчав несколько секунд, в течение которых я  пытался овладеть собой, он добавил:  
— **Тридцать семь с половиной минут седьмого**. Тебе пора на ужин!"|Андрей Иванов|Элия Капитолина|1
18|45|Столовые часы пробили **третью четверть седьмого**, и Марья Кириловна тихонько вышла на крыльцо, огляделась во все стороны и побежала в сад.|Александр Пушкин|Дубровский|1
18|45|А часы тюремной башни в продолжение целых двух часов неуклонно показывали двадцать семь минут шестого, хотя господин Сарматов и говорил, что видит на них сначала пять часов, а потом **без четверти семь**.|Максим Горький|Между прочим|1
18|50|О, она поможет, она умнейшая женщина, она может все придумать! благороднейшая женщина! — **Минут за десять до семи часов** он был уже перед ее дверью.|Николай Чернышевский|Что делать?|1
18|50|Кровь в виски, клокочет в вене: — Вчера в **шесть часов пятьдесят минут** скончался товарищ Ленин! — Этот год видал, чего не взвидят сто.|Владимир Маяковский|Владимир Ильич Ленин|1
18|55|"На другой день вечером, когда часы показывали **без пяти минут семь**, пришла Алиса Осиповна, розовая от холода; она раскрыла Margot, которого принесла с собой, и начала без всяких предисловий:
— Французская грамматика имеет 26 букв. Первая буква называется A, вторая B..."|Антон Чехов|Дорогие уроки|1
18|55|В бар - место условленной встречи с Комацу - он прибыл **без пяти минут семь**. Комацу еще не пришел, и Тэнго оказался, очевидно, первым посетителем бара после его открытия.|Харуки Мураками|1Q84|1
19|0|Мелузов. В **семь часов вечера**, еще минут двадцать осталось.|Александр Островский|Таланты и поклонники|1
19|0|"Кукушка на стенных часах прокуковала **семь часов**.
– Гостьи наши должны скоро быть здесь! – произнес, усмехаясь, Глик. – Да вот и они!"|Иван Лажечников|Последний Новик|1
19|0|В **семь часов вечера** этого последнего дня его жизни он вышел из своей квартиры, нанял извозчика, уселся, сгорбившись, на санях и поехал на другой конец города.|Всеволод Гаршин|Ночь|1
19|0|Был уже **восьмой час вечера**, после десяти венчать нельзя, следующий день была суббота.|Александр Герцен|Былое и думы|1
19|10|Сквозь шторы ее окон пробивался теплый желтый свет. На часах – **десять минут восьмого**. Время, когда люди заканчивают ужин и растворяются в тепле своих комнат.|Харуки Мураками|Пинбол-1973|1
19|15|Он знал только, что начал совершенно ясно всё отличать в этот вечер только с той минуты, когда Аглая вдруг вошла к нему на террасу и он вскочил с дивана и вышел на средину комнаты ее встретить: было **четверть восьмого**.|Фёдор Достоевский|Идиот|1
19|15|В **семь часов с четвертью** (семь пальцев с кусочком) приходит поезд (он свистнул, как паровоз, и постучал сабо).|Саша Чёрный|Чудесное лето|1
19|15|В **пятнадцать минут восьмого** появился Комацу. На нем поверх тонкого кашемирового свитера был твидовый пиджак, кашемировое кашне, шерстяные брюки и замшевые туфли. Привычная внешность.|Харуки Мураками|1Q84|1
19|30|На освещенном циферблате часов, поставленных в одном из окон огромного здания, стрелки показывали **половину восьмого.**|Всеволод Гаршин|Ночь|1
19|30|"— Знаешь, Ваня, эдак мы долго не дойдем: возьмем-ка извозчика; идти далеко, а Анна Андреевна нас заждалась...
Было **половина восьмого**, когда мы приехали к Анне Андреевне."|Фёдор Достоевский|Униженные и оскорблённые|1
19|30|Вечером, в **половине** восьмого часа, Розанов выпил наскоро стакан чаю, вышел из дома, сторговал извозчика на Мясницкую и поехал.|Николай Лесков|Некуда|1
19|30|В **половине восьмого** Гораций возвестил, что капитан просит меня к столу — ужинать.|Александр Грин|Бегущая по волнам|1
19|35|В **семь часов с четвертью** (семь пальцев с кусочком) приходит поезд (он свистнул, как паровоз, и постучал сабо).|Саша Чёрный|Чудесное лето|1
19|40|— Гм, гм, — ответил король, листая толстый календарь. — Это будет… Гм, гм… Сегодня это будет в **семь часов сорок минут вечера**. И тогда ты увидишь, как точно исполнится мое повеление.|Антуан де Сент-Экзюпери|Маленький принц |1
19|45|Противно своей привычке опаздывать, Пьер в этот день, вместо восьми без десяти минут, приехал к Бергам в **восемь часов без четверти**.|Лев Толстой|Война и мир|1
19|45|А Кох, так тот, прежде чем к старухе заходить, внизу у серебряника полчаса сидел и ровно **без четверти восемь** от него к старухе наверх пошел. Теперь сообразите...|Фёдор Достоевский|Преступление и наказание|1
19|50|Альбер вернулся к себе и оделся с особой тщательностью. **Без десяти минут восемь** явился Бошан; он уже виделся с Шато-Рено, и тот обещал быть на своем месте, в первых рядах кресел, еще до поднятия занавеса.|Александр Дюма|Граф Монте-Кристо|1
20|0|Часов в **восемь вечера** Бегушев и Тюменев снова сидели в диванной.|Алексей Писемский|Мещане|1
20|0|1826 года, 8 сентября, часов в **восемь вечера**, в осеннюю звездную ночь остановилась наша карета перед Москвой, у Рогожской заставы.|Сергей Аксаков|Литературные и театральные воспоминания|1
20|0|Накануне он сел за игру в **восемь часов вечера** и проиграл пятнадцать часов сряду, до одиннадцати утра.|Лев Толстой|Два гусара|1
20|0|На дворе стояли последние числа июня. Был **девятый час вечера**.|Николай Гейнце|Власть женщины|1
20|0|Кажется, было ровно **восемь часов вечера**, когда наш прокурор, Ипполит Кириллович, начал свою обвинительную речь.|Фёдор Достоевский|Братья Карамазовы|1
20|0|Ровно в **восемь часов** она поднялась и, сказав сухое, холодное «au revoir, monsieur», пошла из кабинета; и после нее остался всё тот же нежный, тонкий, волнующий запах. Ученик опять долго ничего не делал, сидел у стола и думал.|Антон Чехов|Дорогие уроки|1
20|5|В **пять минут девятого** они уже сидели в одних рубашках с ослабленными или снятыми галстуками вокруг большого стола в гостиной, готовые начать игру, как только Джордж протасует новую колоду, которую как раз распечатывал.|Фредерик Браун|Персона грата|1
20|5|Левой рукой он запихивал в рот колбасу, а правой рисовал обезьяну, притворяясь, что работает. В **восемь часов пять** минут начальник вазонов не выдержал и, надевая на ходу пальто, кинулся в общественную столовую.|Илья Ильф, Евгений Петров|1001 день, или Новая Шахерезада|1
20|7|Зо Ли посмотрел на браслет личного информа (рубиновые цифры часов показали **семь минут девятого**) и перевел взгляд на каменное поле. В этот момент из стены под обрывом совершенно беззвучно вытянулся колоссальный факел прозрачно–голубого пламени.|Василий Головачев|Демон|1
20|10|В восемь вечера начиналась живая музыка, но поскольку посетителей в ресторане не было, то в **десять минут девятого** музыка заканчивалась, и опять наступала тишина.|Илья Стогов|Десять пальцев|1
20|11|"Они бросились в свои комнаты и начали быстро запихивать вещи в холщовые сумки. Через несколько минут Дэнни произнес:
– Сейчас **одиннадцать минут девятого**. В восемь двадцать мы уходим. Согласен?
– Согласен, – подтвердил Трэй и бросил взгляд на свое спутниковое устройство."|Джон Гришэм|Остров Камин|1
20|15|"Наташа. Вчера в полночь прохожу через столовую, а там свеча горит. Кто зажег, так и не добилась толку. Который час?
Андрей _(взглянув на часы)._ **Девятого четверть**."|Антон Чехов|Три сестры|1
20|16|"Сумерки сгущались, Я опять спросил его, который час.
— **Шестнадцать минут девятого**, — ответил он, взглянув на часы.
— Жаль, — ответил я, — но мне пора.
— И мне жаль, Пол, ответил он, — Кто знает, может, еще и встретимся. До свидания. — И протянул мне руку."|Джером Джером|Пол Келвер|1
20|20|так как и прежде однажды письмом известил, анонимным; и когда написал давеча на бумажке, предварительно, прося приема, в **восемь часов двадцать минут**, тоже подписался: «ваш тайный корреспондент»;|Фёдор Достоевский|Идиот|1
20|30|Однако спустя час он принес мне чаю, и я с жадностью выпил большую чашку. Потом я осведомился, который час? Было **половина девятого**, и я даже не удивился, что сижу уже пять часов.|Фёдор Достоевский|Подросток|1
20|30|ровно в **половине девятого** раздались призывные звуки французской кадрили и прочих различных танцев|Фёдор Достоевский|Двойник|1
20|30|— Видите, как удобно, — прямой путь до Etoile. Я буду ждать вас там при выходе из метро ровно в **восемь с половиной**.|Иван Бунин|Тёмные аллеи|1
20|40|Поезд из Сан-Себастьяна прибывал в десять часов, и Брет с  Майклом  могли  приехать только этим поездом. **Без двадцати девять**, когда мы еще и половины ужина не съели, Роберт Кон встал из-за стола и сказал, что пойдет встречать их на вокзал.|Эрнест Хемингуэй|Фиеста|1
20|40|Вот тут-то, стоя перед ней и стараясь не встречаться с ней глазами, я и разглядел подробно все, что ее окружало, и заметил, что часы ее остановились и показывают **без двадцати девять**|Чарльз Диккенс|Большие надежды|1
20|45|И вот **без четверти 21**. Белая ночь. Все зеленовато-стеклянное. Но это какое-то другое, хрупкое стекло — не наше, не настоящее, это — тонкая стеклянная скорлупа, а под скорлупой крутится, несется, гудит…|Евгений Замятин|Мы|1
20|45|Тильтиль. Душа Света будет ждать меня **без четверти девять**... Так велела Фея... Это чрезвычайно важно... Надо идти...|Морис Метерлинк|Синяя птица|1
20|45|Только не забудьте, что **без четверти девять** вы должны вернуться... Это чрезвычайно важно... Будьте же точны. Если опоздаете, то все погибло...|Морис Метерлинк|Синяя птица|1
20|47|В **двадцать сорок семь**, когда Андрей Т., рассеянно вертя в пальцах плененную ладью, раздумывал над очередным ходом, дедушка в кресле расслабился, поник седой головой и негромко захрапел.|Аркадий и Борис Стругацкие|Повесть о дружбе и недружбе|1
20|48|"У Грэхема упало настроение: какие правильные? С самого начала снова не ладится…
«**Восемь часов сорок восемь минут**», – сообщил включенный приемник. Грэхем дернулся и выжал акселератор: ну несчастье!.."|Михаил Веллер|Теперь он успеет|1
20|50|Он позвонил человека, поспешно оделся и вышел на крыльцо, совершенно забыв про сон и мучась только тем, что опоздал. Подъезжая к крыльцу Карениных, он взглянул на часы и увидал, что было **без десяти минут девять**.|Лев Толстой|Анна Каренина|1
20|55|В поле зрения Джорджа были три человека, из них один полисмен, да еще воз с капустой и обшарпанный кэб. Джордж вынул часы и посмотрел - было **без пяти девять**.|Джером К. Джером|Трое в лодке, не считая собаки|1
20|58|В  **восемь часов пятьдесят восемь минут** в отсек вошел капитан-лейтенант,|Леонид  Соболев|Своевременно или несколько позже|1
21|0|Пробило уже **девять часов** — час общего отдыха и покоя после столь тревожного для всех дня.|Фёдор Достоевский|Братья Карамазовы|1
21|0|В определенный час подавался обед, снова чай и ужин, а в **девять часов** электрическая лампочка задергивалась синим матерчатым абажуром, и начиналась такая же длинная и пустая ночь.|Леонид Андреев|Жили-были|1
21|0|Квартира Турбиных. Вечер. В камине огонь. При открытии занавеса **часы бьют девять раз** и нежно играют менуэт Боккерини.|Михаил Булгаков|Дни Турбиных|1
21|5|Купил также «Звено», – но стихов моих там нет. Зато Адамович здорово выругал госпожу Папоушек. Ужинал: яичница и ветчина. Сейчас **пять минут десятого**. Катышок, Катышок, райское мое существо, что у тебя слышно?|Владимир Набоков|Письма к Вере|1
21|10|Пока малыш карабкался по тропинке, петлявшей по склону утеса, избушка развернулась кругом и потерла друг о друга передние конечности словно муха или адвокат в суде. Стрелки часов внутри домика постоянно показывали **десять минут десятого**.|Урсула Ле Гуин|Шкатулка с темнотой|1
21|11|Было **одиннадцать минут десятого**. Девушка внезапно бросилась к двери, прыгнула в машину, сказала что-то водителю, и такси сразу же начало набирать скорость.|Эрл Гарднер|Дело о двойняшке|1
21|15|Тонкрх… тонкрх… сердито и предостерегающе ходили часы с хрипотой, и стрелки их показывали то девять, то **девять с четвертью**, то девять с половиной…|Михаил Булгаков|Белая гвардия|1
21|20|— Э-ге-ге-ге! **Десятого двадцать минут**… Иди, иди, – добродушно обратился он к Беренде, – я еще ничего не готовил.|Николай Гарин-Михайловский|Гимназисты|1
21|25|**Двадцать пять десятого**. Он шел к ущелью. Неважно, что темно, – он нашел бы эту дорогу с закрытыми глазами.|Юхан Теорин|Санкта-Психо|1
21|30|Тонкрх… тонкрх… сердито и предостерегающе ходили часы с хрипотой, и стрелки их показывали то девять, то девять с четвертью, то **девять с половиной**…|Михаил Булгаков|Белая гвардия|1
21|35|"— Настало время действовать, — пробормотал он.
В **девять тридцать пять** он уже стучал в дверь Блора. Тот осторожно открыл дверь. Волосы у него были всклокоченные, глаза сонные."|Агата Кристи|Десять негритят|1
21|45|**Без четверти 22** в комнате у меня — радостный розовый вихрь, крепкое кольцо розовых рук вокруг моей шеи. И вот чувствую: все слабее кольцо, все слабее — разомкнулось — руки опустились…|Евгений Замятин|Мы|1
21|45|Было всего **без четверти десять**, когда мы вернулись в общежитие. Броссар обожал бридж и пошел искать партнера. Экли, конечно, влез ко мне в комнату.|Джером Д. Сэлинджер|Над пропастью во ржи|1
21|47|Он всегда ожидает, что ему скажут тридцать две минуты пятого или **сорок семь минут десятого**, и сердится, что люди так не точно выражаются о драгоценнейшем сокровище, о времени.|Николай Лесков|Страстная суббота в тюрьме|1
21|50|— Ну, хорошо, — сказал, наконец, Максим, остервенев. — Сейчас мы все это проверим. По моим расчетам мы давно уже выехали из поля излучения, а сейчас примерно **без десяти десять**. Что вы все делаете в десять часов?|Аркадий и Борис Стругацкие|Обитаемый остров|1
21|55|В 10 часов вечера Ростовы должны были заехать за фрейлиной к Таврическому саду; а между тем было уже **без пяти минут десять**, а еще барышни не были одеты.|Лев Толстой|Война и мир|1
21|55|"На часах Ярославского вокзала было ровно десять. А посмотрев на темно-синий, украшенный знаками Зодиака циферблат Рязанского вокзала, путешественники заметили, что часы показывали **без пяти десять**. 
— Очень удобно для свиданий! — сказал Остап. — Всегда есть десять минут форы. "|Илья Ильф, Евгений Петров|Двенадцать стульев|1
22|0|"— Вы, конечно, были в субботу под воскресенье здесь?
— Да, в **десять часов** я ужинал с Марком Иванычем."|Антон Чехов|Шведская спичка|1
22|0|Есть люди, которые, зная, что в **десять часов** их повесят, в восемь могут спокойно играть в шахматы.|Джон Голсуорси|Санта-Лючия|1
22|0|— **Десять часов**. Вам пора спать, — сказал он. — Вероятно, через три недели вы сможете покинуть больницу. Тогда позвоните мне, – быть может, я дам вам работу в нашей амбулатории: записывать имена приходящих больных.|Александр Грин|Зелёная лампа|1
22|0|Затем сервируется чай и лёгкий ужин и в **десять часов вечера** наместник ложится спать.|Николай Гейнце|В действующей армии|1
22|0|В **10 часов** вечера Ростовы должны были заехать за фрейлиной к Таврическому саду; а между тем было уже без пяти минут десять, а еще барышни не были одеты.|Лев Толстой|Война и мир|1
22|5|"— Понимаешь, Андрюшенька, мне пора домой. Одиннадцатый час.
Я оглянулся на часы над гардеробом. Было **пять минут одиннадцатого**.
— Тогда разреши проводить тебя"|Аркадий и Борис Стругацкие|Дни Кракена|1
22|10|В **десять минут одиннадцатого** вертолет приземлился на гребне горы к западу от хребта Халлингскарвет. В одиннадцать часов хижина была обнаружена. Она так хорошо была спрятана на местности, что, даже примерно зная, где она находится, они ее едва ли нашли бы, не будь с ними Йенса Рата.  |Ю Несбё|Леопард|1
22|15|"— Красавица, краля-то моя! — сказала из-за двери вошедшая няня. — А Сонюшка-то, ну красавицы!..
В **четверть одиннадцатого**, наконец, сели в кареты и поехали."|Лев Толстой|Война и мир|1
22|15|Было **четверть одиннадцатого**; я вошел в воксал в такой твердой надежде и в то же время в таком волнении, какого я еще никогда не испытывал. В игорных залах народу было еще довольно, хоть вдвое менее утрешнего.|Фёдор Достоевский|Игрок|1
22|20|Было **двадцать минут одиннадцатого**. Как долго давать загадке возможность диктовать свои условия? Должен ли я предполагать, что звонил Джордж Хансен и что он махнул рукой на эту затею, увидев, как я растворяюсь в воздухе?|Роджер Желязны|Карты Судьбы|1
22|30|Около **половины одиннадцатого** он очутился в маленькой улице, где жила обожаемая незнакомка, и остановился перед знакомым садиком. В доме все было тихо, только в одном из окон второго этажа виднелся свет.|Марк Твен|Приключения Тома Сойера|1
22|40|Телефонное сообщение с Кенсаком мне дали, вместо просимых 10 часов, только в **сорок минут одиннадцатого**. Мой старый друг имел терпение дожидаться меня.|Максвелл Жозеф|Коралловые четки|1
22|45|Я знаю, ты меня не любишь больше… Но… подари мне еще час… Смотри, – теперь **без четверти одиннадцать**. Дай мне слово, что сегодня в двенадцать часов ты обо мне вспомнишь…|Александр Куприн|Сильнее смерти|1
22|45|Сейчас уже **без четверти одиннадцать**, – а еще нужно написать маме (и вложить двадцать пять марок: больше не выходит, мой маленький).|Владимир Набоков|Письма к Вере|1
22|50|"— Черт возьми! **Без десяти одиннадцать**. Ах, я дурак! Сейчас закроют ночные магазины, и я погиб. Обуялов рысью побежал к ярко освещенному магазину ""Коммунар""."|Илья Ильф, Евгений Петров|Беспокойная ночь|1
22|55|– Я легла **без пяти одиннадцать**. Перед тем как завести часы, я взглянула на циферблат, вот почему я могу сказать точно.|Агата Кристи|Убийство в Восточном экспрессе|1
23|0|— Да, — улыбнулась брюнетка, — почти двенадцать часов, теперь уже **двенадцатый час ночи**…|Николай Гейнце|Самозванец|1
23|0|На третью и последнюю ночь Ахилла вздремнул на одно короткое мгновение, проснулся за **час до полуночи**, сменил чтеца и запер за ним дверь.|Николай Лесков|Соборяне|1
23|0|Несчастие же послужит новому искателю серьезным предостережением хранить себя от всякого сомнения, от всякого неверия. Ровно в **одиннадцать часов** погасил я свою лампу и пробрался к архивариусу Линдгорсту, который уже ждал меня на крыльце.|Эрнст Гофман|Золотой горшок|1
23|5|— Словом, это безобразие! — воскликнул Денискин, человек неопределенного жанра, пишущий и стихи, и пьесы, и критические статьи, и рецензии. — **Пять минут двенадцатого**!|Михаил Булгаков|Мастер и Маргарита|1
23|6|Открыв глаза, я оказался в своей комнате. Передо мной стояли часы. Они показывали **шесть минут двенадцатого**. До Нового года оставалось пятьдесят четыре минуты.|Виктор Пелевин|Чапаев и Пустота|1
23|7|— **Семь  минут  двенадцатого**!  воскликнул  он.  А  сегодня  я  должен... одиннадцать двадцать пять... на вокзале Ватерлоо... Мне нужно идти.|Герберт Уэллс|История покойного мистера Элвешема|1
23|8|Дядечкин глубоко вздыхает и выходит из кухни. Он идет поглядеть на часы. Стрелки показывают **восемь минут двенадцатого**.|Антон Чехов|Мошенники поневоле|1
23|10|"— Ты как думаешь, Джо, который теперь час?
— По крайней мере минут **десять двенадцатого**.
— Вишь ты! — молвил кучер с досадой. — А все еще не въехали на Шутеров холм."|Чарльз Диккенс|Повесть о двух городах|1
23|15|А впрочем, **четверть двенадцатого**, — посмотрел он на часы и встал со стула, — мне хотелось бы сделать вам один совсем посторонний вопрос.|Фёдор Достоевский|Бесы|1
23|15|Теперь **четверть двенадцатого**, сейчас смотрел; ну, так ровно в тридцать пять минут двенадцатого я тебя и отпущу. А тем временем муху задавим.|Фёдор Достоевский|Униженные и оскорблённые|1
23|20|Германн стал ходить около опустевшего дома: он подошел к фонарю, взглянул на часы, — было **двадцать минут двенадцатого**.|Александр Пушкин|Пиковая дама|1
23|20|Весь мокрый, вошел он в **двадцать минут двенадцатого** в тесную квартирку родителей своей невесты, на Васильевском острове, в Третьей линии, на Малом проспекте.|Фёдор Достоевский|Преступление и наказание|1
23|21|Он продолжал говорить с ней, убеждать, уговаривать… потный, отупевший, мучимый навязчивой идеей. На часах была ровно **двадцать одна минута двенадцатого**, когда Франклин Гибс опустил последний доллар.|Род Серлинг|Полуночное солнце|1
23|25|— Семь  минут  двенадцатого!  воскликнул  он.  А  сегодня  я  должен... **одиннадцать двадцать пять**... на вокзале Ватерлоо... Мне нужно идти.|Герберт Уэллс|История покойного мистера Элвешема|1
23|28|Мы условились встретиться в холле в пол-одиннадцатого. Я боялась опоздать, но спустилась, наоборот, немного раньше. Но миссис Редферн меня уже ждала, и мы вышли в двадцать семь или **двадцать восемь минут двенадцатого**.|Агата Кристи|Зло под солнцем|1
23|28|Люди Харрела передвигались, останавливались, меняли положение по отношению к нему, где можно, прятались в тени. **Двадцать семь минут двенадцатого**. Оставалось еще четверть мили до того места, где Роз должна увидеть его сигнал.|Томас Крэйг|Последний ворон|1
23|30|Нет уж, своим детям Игорь разрешит сидеть до **половины двенадцатого** и молока их не будет заставлять пить на ночь, а зубы пусть чистят вечером только снаружи.|Саша Чёрный|Чудесное лето|1
23|30|Торопливо, дрожащими пальцами я зажег лампу и стал одеваться. **Половина двенадцатого**… Что там такое у этой женщины с неблагополучными родами?|Михаил Булгаков|Крещение поворотом|1
23|30|мы поспешно спустились вниз до самого погреба, запаслись там в буфете съестными припасами, отнесли их к себе в комнату и легли спать, но в **половине двенадцатого** встали.|Марк Твен|Приключения Гекльберри Финна|1
23|32|Самгин вынул из кармана брюк часы, они показывали **тридцать две минуты двенадцатого**. Приятно было ощущать на ладони вескую теплоту часов.|Максим Горький|Жизнь Клима Самгина|1
23|35|Теперь четверть двенадцатого, сейчас смотрел; ну, так ровно в **тридцать пять минут двенадцатого** я тебя и отпущу. А тем временем муху задавим.|Фёдор Достоевский|Униженные и оскорблённые|1
23|40|Дориан несколько секунд колебался, со странной, застывшей на лице улыбкой. Потом, вздрогнув, хотя в комнате было очень жарко, выпрямился и посмотрел на часы. Было **без двадцати двенадцать**.|Уайльд Оскар|Портрет Дориана Грея|1
23|41|— Простые числа! — Он оживился. — И не просто простые числа, но обратите внимание, что они не согласуются с последовательностью пятеричной системы минут. Не одиннадцать сорок, не одиннадцать сорок пять, а **одиннадцать сорок одна**!|Филип Марсден|Перекресток: путешествие среди армян|1
23|45|"— Да, конец мой нынче в полночь. Час мой близок. Слушай.
В этот момент часы пробили **три четверти двенадцатого**."|Чарльз Диккенс|Рождественская песнь в прозе: святочный рассказ с привидениями|1
23|45|С ужасом глянула на часы. Было **без четверти двенадцать**. Накинув платье и схватив сонного ребенка, Женя, как полоумная, бросилась к крыльцу. Одумалась. Положила ребенка на кровать.|Аркадий Гайдар|Тимур и его команда|1
23|55|"Он повесил трубку и схватил с полки расписание поездов.
— Да, вот он, последний, в **двадцать три пятьдесят пять**. Следующий пойдет только в три сорок."|Аркадий Гайдар|Тимур и его команда|1
23|55|"— Простите! — пробормотала она. — Вы не знаете, какой это гудит поезд?
Джентльмен вынул часы.
**Двадцать три пятьдесят пять**, — ответил он. — Это сегодня на Москву последний."|Аркадий Гайдар|Тимур и его команда|1
